{
  "timestamp_utc": "2026-03-24T08:23:40.365867+00:00",
  "iterations": 1,
  "files_per_iteration": 2,
  "runtime_seconds": {
    "min": 15.659086700001353,
    "max": 15.659086700001353,
    "avg": 15.659086700001353,
    "p95": 15.659086700001353
  },
  "throughput_files_per_sec": 0.127721369599405,
  "peak_memory_mb": {
    "min": 10.229094505310059,
    "max": 10.229094505310059,
    "avg": 10.229094505310059
  }
}